<?xml version="1.0" encoding="UTF-8"?>

<scenario:scenario xmlns:scenario="urn:roborescue:map:scenario">
  <scenario:refuge scenario:location="19490"/>
  <scenario:refuge scenario:location="18733"/>
  <scenario:refuge scenario:location="22670"/>
  <scenario:hydrant scenario:location="7746"/>
  <scenario:hydrant scenario:location="4677"/>
  <scenario:hydrant scenario:location="33989"/>
  <scenario:hydrant scenario:location="5001"/>
  <scenario:hydrant scenario:location="32781"/>
  <scenario:hydrant scenario:location="35918"/>
  <scenario:hydrant scenario:location="4245"/>
  <scenario:hydrant scenario:location="3030"/>
  <scenario:hydrant scenario:location="33431"/>
  <scenario:hydrant scenario:location="33815"/>
  <scenario:hydrant scenario:location="33567"/>
  <scenario:hydrant scenario:location="32672"/>
  <scenario:hydrant scenario:location="8097"/>
  <scenario:hydrant scenario:location="6882"/>
  <scenario:hydrant scenario:location="7206"/>
  <scenario:hydrant scenario:location="34279"/>
  <scenario:hydrant scenario:location="7017"/>
  <scenario:hydrant scenario:location="30890"/>
  <scenario:hydrant scenario:location="6315"/>
  <scenario:hydrant scenario:location="6252"/>
  <scenario:hydrant scenario:location="32557"/>
  <scenario:hydrant scenario:location="7728"/>
  <scenario:hydrant scenario:location="8628"/>
  <scenario:hydrant scenario:location="35958"/>
  <scenario:hydrant scenario:location="1782"/>
  <scenario:hydrant scenario:location="33723"/>
  <scenario:hydrant scenario:location="2175"/>
  <scenario:gasstation scenario:location="27348"/>
  <scenario:firebrigade scenario:location="3624"/>
  <scenario:firebrigade scenario:location="36145"/>
  <scenario:firebrigade scenario:location="1846"/>
  <scenario:firebrigade scenario:location="7017"/>
  <scenario:firebrigade scenario:location="32802"/>
  <scenario:firebrigade scenario:location="34279"/>
  <scenario:firebrigade scenario:location="5433"/>
  <scenario:firebrigade scenario:location="32752"/>
  <scenario:firebrigade scenario:location="7611"/>
  <scenario:firebrigade scenario:location="4965"/>
  <scenario:firebrigade scenario:location="6837"/>
  <scenario:firebrigade scenario:location="3462"/>
  <scenario:firebrigade scenario:location="33132"/>
  <scenario:firebrigade scenario:location="1928"/>
  <scenario:firebrigade scenario:location="33002"/>
  <scenario:firebrigade scenario:location="32672"/>
  <scenario:firebrigade scenario:location="1873"/>
  <scenario:firebrigade scenario:location="8790"/>
  <scenario:firebrigade scenario:location="35352"/>
  <scenario:firebrigade scenario:location="34187"/>
  <scenario:firebrigade scenario:location="2661"/>
  <scenario:firebrigade scenario:location="5694"/>
  <scenario:firebrigade scenario:location="35345"/>
  <scenario:firebrigade scenario:location="7188"/>
  <scenario:firebrigade scenario:location="11865"/>
  <scenario:firebrigade scenario:location="3759"/>
  <scenario:firebrigade scenario:location="3048"/>
  <scenario:firebrigade scenario:location="5145"/>
  <scenario:firebrigade scenario:location="7062"/>
  <scenario:firebrigade scenario:location="7584"/>
  <scenario:firestation scenario:location="33048"/>
  <scenario:policeforce scenario:location="6261"/>
  <scenario:policeforce scenario:location="6873"/>
  <scenario:policeforce scenario:location="4353"/>
  <scenario:policeforce scenario:location="5019"/>
  <scenario:policeforce scenario:location="32538"/>
  <scenario:policeforce scenario:location="32809"/>
  <scenario:policeforce scenario:location="9231"/>
  <scenario:policeforce scenario:location="28548"/>
  <scenario:policeforce scenario:location="4416"/>
  <scenario:policeforce scenario:location="32646"/>
  <scenario:policeforce scenario:location="30884"/>
  <scenario:policeforce scenario:location="1682"/>
  <scenario:policeforce scenario:location="3525"/>
  <scenario:policeforce scenario:location="8088"/>
  <scenario:policeforce scenario:location="16080"/>
  <scenario:policeforce scenario:location="4047"/>
  <scenario:policeforce scenario:location="3075"/>
  <scenario:policeforce scenario:location="33357"/>
  <scenario:policeforce scenario:location="4524"/>
  <scenario:policeforce scenario:location="9141"/>
  <scenario:policeforce scenario:location="7512"/>
  <scenario:policeforce scenario:location="31114"/>
  <scenario:policeforce scenario:location="31108"/>
  <scenario:policeforce scenario:location="6126"/>
  <scenario:policeforce scenario:location="31257"/>
  <scenario:policeforce scenario:location="33707"/>
  <scenario:policeforce scenario:location="34462"/>
  <scenario:policeforce scenario:location="6990"/>
  <scenario:policeforce scenario:location="7899"/>
  <scenario:policeforce scenario:location="4551"/>
  <scenario:policeoffice scenario:location="21304"/>
  <scenario:ambulanceteam scenario:location="35936"/>
  <scenario:ambulanceteam scenario:location="31191"/>
  <scenario:ambulanceteam scenario:location="31236"/>
  <scenario:ambulanceteam scenario:location="10236"/>
  <scenario:ambulanceteam scenario:location="6882"/>
  <scenario:ambulanceteam scenario:location="34241"/>
  <scenario:ambulanceteam scenario:location="9267"/>
  <scenario:ambulanceteam scenario:location="35179"/>
  <scenario:ambulanceteam scenario:location="3390"/>
  <scenario:ambulanceteam scenario:location="20148"/>
  <scenario:ambulanceteam scenario:location="5748"/>
  <scenario:ambulanceteam scenario:location="4668"/>
  <scenario:ambulanceteam scenario:location="33416"/>
  <scenario:ambulanceteam scenario:location="35041"/>
  <scenario:ambulanceteam scenario:location="31237"/>
  <scenario:ambulanceteam scenario:location="35842"/>
  <scenario:ambulanceteam scenario:location="4839"/>
  <scenario:ambulanceteam scenario:location="33817"/>
  <scenario:ambulanceteam scenario:location="9510"/>
  <scenario:ambulanceteam scenario:location="5172"/>
  <scenario:ambulanceteam scenario:location="34584"/>
  <scenario:ambulanceteam scenario:location="7638"/>
  <scenario:ambulanceteam scenario:location="32929"/>
  <scenario:ambulanceteam scenario:location="33039"/>
  <scenario:ambulanceteam scenario:location="18637"/>
  <scenario:ambulanceteam scenario:location="33863"/>
  <scenario:ambulanceteam scenario:location="10209"/>
  <scenario:ambulanceteam scenario:location="2598"/>
  <scenario:ambulanceteam scenario:location="36471"/>
  <scenario:ambulanceteam scenario:location="9330"/>
  <scenario:ambulancecentre scenario:location="13512"/>
</scenario:scenario>
