<?xml version="1.0" encoding="UTF-8"?>

<scenario:scenario xmlns:scenario="urn:roborescue:map:scenario">
  <scenario:refuge scenario:location="1360"/>
  <scenario:refuge scenario:location="7523"/>
  <scenario:refuge scenario:location="4005"/>
  <scenario:refuge scenario:location="1674"/>
  <scenario:refuge scenario:location="1210"/>
  <scenario:refuge scenario:location="3597"/>
  <scenario:hydrant scenario:location="28673"/>
  <scenario:hydrant scenario:location="28929"/>
  <scenario:hydrant scenario:location="24450"/>
  <scenario:hydrant scenario:location="29058"/>
  <scenario:hydrant scenario:location="28421"/>
  <scenario:hydrant scenario:location="23045"/>
  <scenario:hydrant scenario:location="24966"/>
  <scenario:hydrant scenario:location="23945"/>
  <scenario:hydrant scenario:location="28427"/>
  <scenario:hydrant scenario:location="27403"/>
  <scenario:hydrant scenario:location="24849"/>
  <scenario:hydrant scenario:location="28562"/>
  <scenario:hydrant scenario:location="29586"/>
  <scenario:hydrant scenario:location="22676"/>
  <scenario:hydrant scenario:location="26006"/>
  <scenario:hydrant scenario:location="16919"/>
  <scenario:hydrant scenario:location="24609"/>
  <scenario:hydrant scenario:location="28451"/>
  <scenario:hydrant scenario:location="22566"/>
  <scenario:hydrant scenario:location="26791"/>
  <scenario:hydrant scenario:location="27442"/>
  <scenario:hydrant scenario:location="19509"/>
  <scenario:hydrant scenario:location="18486"/>
  <scenario:hydrant scenario:location="22455"/>
  <scenario:hydrant scenario:location="23098"/>
  <scenario:hydrant scenario:location="16958"/>
  <scenario:hydrant scenario:location="23493"/>
  <scenario:hydrant scenario:location="25550"/>
  <scenario:hydrant scenario:location="29013"/>
  <scenario:hydrant scenario:location="18903"/>
  <scenario:hydrant scenario:location="23391"/>
  <scenario:hydrant scenario:location="23266"/>
  <scenario:hydrant scenario:location="29669"/>
  <scenario:hydrant scenario:location="22506"/>
  <scenario:hydrant scenario:location="29547"/>
  <scenario:hydrant scenario:location="23403"/>
  <scenario:hydrant scenario:location="25964"/>
  <scenario:hydrant scenario:location="16877"/>
  <scenario:hydrant scenario:location="21229"/>
  <scenario:hydrant scenario:location="18029"/>
  <scenario:hydrant scenario:location="27758"/>
  <scenario:hydrant scenario:location="23158"/>
  <scenario:hydrant scenario:location="17656"/>
  <scenario:hydrant scenario:location="24312"/>
  <scenario:hydrant scenario:location="22649"/>
  <scenario:hydrant scenario:location="24571"/>
  <scenario:hydrant scenario:location="26363"/>
  <scenario:hydrant scenario:location="22652"/>
  <scenario:hydrant scenario:location="24444"/>
  <scenario:gasstation scenario:location="6592"/>
  <scenario:gasstation scenario:location="5796"/>
  <scenario:gasstation scenario:location="3483"/>
  <scenario:gasstation scenario:location="8191"/>
  <scenario:gasstation scenario:location="3023"/>
  <scenario:firebrigade scenario:location="3819"/>
  <scenario:firebrigade scenario:location="19063"/>
  <scenario:firebrigade scenario:location="22757"/>
  <scenario:firebrigade scenario:location="22506"/>
  <scenario:firebrigade scenario:location="4750"/>
  <scenario:firebrigade scenario:location="7131"/>
  <scenario:firebrigade scenario:location="25618"/>
  <scenario:firebrigade scenario:location="25255"/>
  <scenario:firebrigade scenario:location="926"/>
  <scenario:firebrigade scenario:location="28592"/>
  <scenario:firebrigade scenario:location="25952"/>
  <scenario:firebrigade scenario:location="29702"/>
  <scenario:firebrigade scenario:location="29290"/>
  <scenario:firebrigade scenario:location="22979"/>
  <scenario:firebrigade scenario:location="27160"/>
  <scenario:firebrigade scenario:location="16531"/>
  <scenario:firebrigade scenario:location="23248"/>
  <scenario:firebrigade scenario:location="691"/>
  <scenario:firebrigade scenario:location="5047"/>
  <scenario:firebrigade scenario:location="25482"/>
  <scenario:firebrigade scenario:location="22488"/>
  <scenario:firebrigade scenario:location="7523"/>
  <scenario:firebrigade scenario:location="26441"/>
  <scenario:firebrigade scenario:location="27879"/>
  <scenario:firebrigade scenario:location="27328"/>
  <scenario:firebrigade scenario:location="5588"/>
  <scenario:firebrigade scenario:location="24744"/>
  <scenario:firebrigade scenario:location="23784"/>
  <scenario:firebrigade scenario:location="24224"/>
  <scenario:firebrigade scenario:location="28559"/>
  <scenario:firebrigade scenario:location="29275"/>
  <scenario:firebrigade scenario:location="24883"/>
  <scenario:firebrigade scenario:location="27250"/>
  <scenario:firebrigade scenario:location="22412"/>
  <scenario:firebrigade scenario:location="28262"/>
  <scenario:firebrigade scenario:location="23406"/>
  <scenario:firebrigade scenario:location="24615"/>
  <scenario:firebrigade scenario:location="24717"/>
  <scenario:firebrigade scenario:location="27809"/>
  <scenario:firebrigade scenario:location="28424"/>
  <scenario:firestation scenario:location="4314"/>
  <scenario:policeforce scenario:location="3801"/>
  <scenario:policeforce scenario:location="22967"/>
  <scenario:policeforce scenario:location="21795"/>
  <scenario:policeforce scenario:location="18838"/>
  <scenario:policeforce scenario:location="23024"/>
  <scenario:policeforce scenario:location="2585"/>
  <scenario:policeforce scenario:location="26214"/>
  <scenario:policeforce scenario:location="25848"/>
  <scenario:policeforce scenario:location="26513"/>
  <scenario:policeforce scenario:location="24243"/>
  <scenario:policeforce scenario:location="29331"/>
  <scenario:policeforce scenario:location="29212"/>
  <scenario:policeforce scenario:location="25609"/>
  <scenario:policeforce scenario:location="23354"/>
  <scenario:policeforce scenario:location="20144"/>
  <scenario:policeforce scenario:location="3628"/>
  <scenario:policeforce scenario:location="22820"/>
  <scenario:policeforce scenario:location="14465"/>
  <scenario:policeforce scenario:location="24750"/>
  <scenario:policeforce scenario:location="29547"/>
  <scenario:policeforce scenario:location="26872"/>
  <scenario:policeforce scenario:location="22982"/>
  <scenario:policeforce scenario:location="24726"/>
  <scenario:policeforce scenario:location="27190"/>
  <scenario:policeforce scenario:location="26118"/>
  <scenario:policeforce scenario:location="23245"/>
  <scenario:policeforce scenario:location="27313"/>
  <scenario:policeforce scenario:location="27406"/>
  <scenario:policeforce scenario:location="27382"/>
  <scenario:policeforce scenario:location="27370"/>
  <scenario:policeforce scenario:location="27424"/>
  <scenario:policeforce scenario:location="28324"/>
  <scenario:policeforce scenario:location="27637"/>
  <scenario:policeforce scenario:location="27631"/>
  <scenario:policeforce scenario:location="24456"/>
  <scenario:policeforce scenario:location="27833"/>
  <scenario:policeforce scenario:location="22622"/>
  <scenario:policeforce scenario:location="29061"/>
  <scenario:policeforce scenario:location="28550"/>
  <scenario:policeforce scenario:location="29067"/>
  <scenario:policeoffice scenario:location="138"/>
  <scenario:ambulanceteam scenario:location="24188"/>
  <scenario:ambulanceteam scenario:location="22019"/>
  <scenario:ambulanceteam scenario:location="29514"/>
  <scenario:ambulanceteam scenario:location="22796"/>
  <scenario:ambulanceteam scenario:location="6800"/>
  <scenario:ambulanceteam scenario:location="21860"/>
  <scenario:ambulanceteam scenario:location="2084"/>
  <scenario:ambulanceteam scenario:location="22988"/>
  <scenario:ambulanceteam scenario:location="27915"/>
  <scenario:ambulanceteam scenario:location="26866"/>
  <scenario:ambulanceteam scenario:location="29316"/>
  <scenario:ambulanceteam scenario:location="21913"/>
  <scenario:ambulanceteam scenario:location="15433"/>
  <scenario:ambulanceteam scenario:location="27163"/>
  <scenario:ambulanceteam scenario:location="27172"/>
  <scenario:ambulanceteam scenario:location="25732"/>
  <scenario:ambulanceteam scenario:location="29609"/>
  <scenario:ambulanceteam scenario:location="28333"/>
  <scenario:ambulanceteam scenario:location="28342"/>
  <scenario:ambulanceteam scenario:location="24960"/>
  <scenario:ambulanceteam scenario:location="28586"/>
  <scenario:ambulanceteam scenario:location="23933"/>
  <scenario:ambulanceteam scenario:location="26648"/>
  <scenario:ambulanceteam scenario:location="25665"/>
  <scenario:ambulanceteam scenario:location="25675"/>
  <scenario:ambulanceteam scenario:location="26327"/>
  <scenario:ambulanceteam scenario:location="27583"/>
  <scenario:ambulanceteam scenario:location="24591"/>
  <scenario:ambulanceteam scenario:location="18622"/>
  <scenario:ambulanceteam scenario:location="27710"/>
  <scenario:ambulancecentre scenario:location="552"/>
</scenario:scenario>
